date,bedtime,wake_time,sleep_duration,age,stress_level,physical_activity_min,sleep_quality
2024-01-01,01:11,08:25,7.5,24,7.0,73.9,Average
2024-01-02,22:21,05:46,6.28,37,4.0,113.3,Average
2024-01-03,23:46,06:55,8.03,32,7.0,113.3,Good
2024-01-04,22:44,04:25,6.23,28,8.0,104.1,Average
2024-01-05,02:44,07:17,6.08,25,1.0,76.4,Poor
2024-01-06,22:36,05:27,7.37,38,6.0,96.1,Good
2024-01-07,01:02,07:40,,24,8.0,81.3,Average
2024-01-08,01:07,07:39,5.35,43,5.0,68.8,Average
2024-01-09,21:25,05:33,7.16,36,4.0,15.4,Average
2024-01-10,23:52,06:21,,40,2.0,97.3,Average
2024-01-11,00:29,06:30,6.08,28,6.0,98.5,Average
2024-01-12,22:37,06:50,8.13,28,6.0,75.1,Good
2024-01-13,20:44,09:43,11.0,41,1.0,98.5,Good
2024-01-14,23:00,08:25,-1.0,38,9.0,78.2,Good
2024-01-15,23:12,06:42,6.07,21,6.0,24.8,Average
2024-01-16,01:09,04:43,3.26,25,3.0,32.9,Poor
2024-01-17,01:34,05:29,3.86,41,4.0,25.8,Poor
2024-01-18,22:00,05:39,7.04,20,4.0,45.3,Good
2024-01-19,23:34,07:20,7.05,39,3.0,4.7,Average
2024-01-20,23:24,06:44,7.37,38,10.0,74.2,Good
2024-01-21,01:31,06:50,5.19,19,3.0,40.4,Average
2024-01-22,01:16,04:32,3.73,41,3.0,78.7,Poor
2024-01-23,20:02,07:06,11.0,29,4.0,46.2,Good
2024-01-24,01:26,06:35,5.71,23,7.0,81.8,Average
2024-01-25,22:01,06:09,7.99,19,4.0,40.9,Good
2024-01-26,23:46,05:35,7.13,38,9.0,31.3,Average
2024-01-27,02:28,06:46,5.11,18,1.0,59.5,Poor
2024-01-28,23:35,06:35,7.55,29,8.0,83.1,Good
2024-01-29,21:22,05:46,8.48,43,7.0,41.8,Good
2024-01-30,22:39,06:59,7.12,39,2.0,112.4,Good
2024-01-31,22:08,07:53,9.43,29,8.0,4.7,Good
2024-02-01,22:22,06:56,7.18,42,1.0,50.2,Average
2024-02-02,23:46,05:08,5.26,34,9.0,116.1,Average
2024-02-03,23:34,07:51,8.5,44,9.0,65.8,Good
2024-02-04,21:33,05:26,7.3,44,2.0,50.8,Average
2024-02-05,21:23,06:24,,27,7.0,68.2,Good
2024-02-06,22:42,07:21,8.27,33,10.0,69.1,Good
2024-02-07,23:40,06:48,7.31,32,3.0,87.8,Good
2024-02-08,21:06,06:00,9.0,32,7.0,15.3,Good
2024-02-09,00:31,06:29,6.32,36,10.0,30.0,Poor
2024-02-10,00:27,04:48,3.71,29,9.0,69.7,Poor
2024-02-11,22:28,06:54,7.49,40,4.0,104.1,Good
2024-02-12,23:59,05:32,5.45,37,1.0,67.4,Average
2024-02-13,23:07,05:53,,42,2.0,28.6,Poor
2024-02-14,23:07,07:33,8.68,20,1.0,81.6,Good
2024-02-15,22:54,05:47,6.84,22,5.0,,Average
2024-02-16,23:47,06:18,6.64,36,5.0,28.6,Good
2024-02-17,21:01,05:02,7.71,24,7.0,45.3,Good
2024-02-18,21:29,08:08,10.27,38,9.0,64.1,Good
2024-02-19,00:31,06:16,6.99,26,9.0,59.6,Average
2024-02-20,00:24,07:38,7.7,24,3.0,46.8,Good
2024-02-21,21:28,06:44,8.86,35,,35.7,Good
2024-02-22,23:41,07:35,8.44,21,3.0,12.0,Good
2024-02-23,22:11,04:22,-1.0,42,4.0,6.4,Poor
2024-02-24,21:44,07:56,10.26,31,8.0,115.0,Good
2024-02-25,22:57,07:45,8.93,35,6.0,101.7,Good
2024-02-26,21:20,07:10,9.53,43,8.0,42.6,Good
2024-02-27,21:34,07:53,,26,1.0,114.8,Good
2024-02-28,23:32,06:57,7.39,43,8.0,81.2,Good
2024-02-29,02:33,06:08,4.3,38,4.0,57.9,Poor
2024-03-01,23:24,06:42,6.67,19,1.0,59.2,Good
2024-03-02,00:48,05:16,5.7,37,8.0,10.0,Average
2024-03-03,23:23,05:18,6.2,32,4.0,11.0,Average
2024-03-04,00:05,07:07,7.0,24,6.0,72.3,Average
2024-03-05,23:22,06:25,7.44,29,8.0,66.4,Good
2024-03-06,23:49,06:58,6.74,25,4.0,25.5,Good
2024-03-07,23:17,06:58,7.07,32,3.0,113.5,Good
2024-03-08,21:54,07:22,9.97,20,9.0,93.8,Good
2024-03-09,00:24,06:12,6.22,31,3.0,13.6,Average
2024-03-10,21:54,07:34,9.73,34,9.0,111.7,Good
2024-03-11,22:52,07:43,9.81,21,2.0,116.9,Good
2024-03-12,20:04,04:00,7.63,35,2.0,119.5,Good
2024-03-13,21:03,05:17,7.61,25,2.0,6.7,Average
2024-03-14,21:57,07:36,9.76,21,6.0,88.4,Good
2024-03-15,22:12,07:33,8.58,19,3.0,65.5,Good
2024-03-16,21:33,06:56,9.27,23,9.0,84.7,Good
2024-03-17,22:04,07:53,9.34,39,4.0,116.2,Good
2024-03-18,23:23,07:02,7.43,27,1.0,82.6,Good
2024-03-19,23:08,04:03,5.49,21,4.0,100.4,Average
2024-03-20,22:27,07:28,8.6,39,1.0,104.0,Good
2024-03-21,23:58,08:33,8.2,35,5.0,100.6,Good
2024-03-22,00:25,05:17,5.33,43,4.0,51.1,Average
2024-03-23,22:31,07:28,8.75,29,8.0,26.7,Good
2024-03-24,23:12,08:44,8.91,19,8.0,,Good
2024-03-25,22:58,07:58,,27,7.0,107.0,Good
2024-03-26,23:59,05:06,6.8,21,3.0,17.6,Average
2024-03-27,23:17,06:35,7.54,31,1.0,61.6,Good
2024-03-28,22:12,05:45,8.02,33,1.0,28.0,Average
2024-03-29,22:23,05:44,6.87,32,3.0,69.8,Good
2024-03-30,23:31,08:33,9.14,25,6.0,103.6,Good
2024-03-31,23:49,06:03,8.02,31,7.0,,Good
2024-04-01,23:00,05:21,6.5,40,,28.4,Average
2024-04-02,23:06,05:28,7.0,42,6.0,108.9,Good
2024-04-03,22:45,08:33,9.68,25,6.0,71.0,Good
2024-04-04,23:51,07:31,7.78,38,3.0,42.0,Good
2024-04-05,21:16,07:43,9.35,33,6.0,85.0,Good
2024-04-06,00:33,05:34,5.2,30,8.0,57.8,Poor
2024-04-07,00:15,06:26,6.12,35,2.0,45.4,Average
2024-04-08,23:51,06:06,6.98,32,5.0,84.6,Good
2024-04-09,00:24,06:29,6.29,38,1.0,29.8,Average
2024-04-10,22:21,05:53,6.38,41,1.0,39.6,Poor
2024-04-11,23:16,06:07,7.69,43,5.0,52.1,Good
2024-04-12,23:37,06:31,7.4,42,3.0,30.4,Good
2024-04-13,00:40,07:16,7.27,30,4.0,48.6,Average
2024-04-14,22:27,06:19,7.49,26,3.0,68.6,Good
2024-04-15,00:29,06:32,6.22,32,1.0,88.9,Average
2024-04-16,23:14,05:33,5.79,30,1.0,92.1,Average
2024-04-17,23:08,07:38,7.67,18,5.0,98.7,Good
2024-04-18,00:46,07:58,7.18,42,6.0,89.3,Good
2024-04-19,01:21,07:25,5.91,24,3.0,81.7,Average
2024-04-20,22:17,05:53,7.07,26,9.0,28.5,Good
2024-04-21,01:18,06:54,4.74,41,5.0,48.0,Poor
2024-04-22,22:31,07:50,8.37,18,8.0,57.3,Good
2024-04-23,22:27,09:09,10.77,29,1.0,9.9,Good
2024-04-24,21:06,06:11,9.08,25,5.0,63.4,Good
2024-04-25,00:19,07:59,6.13,41,3.0,52.4,Good
2024-04-26,22:01,08:14,9.36,28,1.0,96.3,Good
2024-04-27,23:53,04:11,4.94,36,4.0,117.3,Poor
2024-04-28,22:25,07:07,9.21,34,5.0,66.7,Good
2024-04-29,21:01,07:54,10.4,25,7.0,38.7,Good
2024-04-30,21:46,06:13,7.76,20,1.0,5.2,Good
2024-05-01,21:58,06:24,8.82,20,3.0,,Good
2024-05-02,22:44,06:22,7.94,18,2.0,110.3,Good
2024-05-03,20:29,06:40,9.8,44,9.0,30.4,Good
2024-05-04,00:53,07:19,6.97,22,10.0,83.4,Average
2024-05-05,23:48,04:48,4.6,27,6.0,9.1,Average
2024-05-06,23:58,07:19,8.36,24,10.0,19.9,Good
2024-05-07,23:28,06:00,6.64,43,3.0,26.0,Average
2024-05-08,22:48,06:50,8.45,26,8.0,35.3,Good
2024-05-09,00:49,04:22,3.54,24,8.0,119.5,Poor
2024-05-10,21:54,07:07,9.08,26,2.0,83.6,Good
2024-05-11,22:33,06:00,7.94,25,6.0,46.1,Good
2024-05-12,00:39,06:48,6.98,29,7.0,88.5,Good
2024-05-13,23:52,05:47,5.36,19,2.0,109.8,Average
2024-05-14,00:08,06:52,6.53,18,10.0,115.0,Average
2024-05-15,22:45,07:03,9.07,33,2.0,6.9,Good
2024-05-16,23:18,07:44,7.22,40,10.0,47.3,Average
2024-05-17,22:14,06:00,7.34,40,1.0,12.8,Average
2024-05-18,21:24,08:32,9.92,41,8.0,40.3,Good
2024-05-19,00:09,07:01,5.86,22,1.0,20.4,Poor
2024-05-20,23:05,07:27,8.14,20,9.0,77.6,Good
2024-05-21,00:14,08:42,8.92,29,6.0,46.6,Good
2024-05-22,22:10,06:50,7.97,25,7.0,27.5,Good
2024-05-23,20:51,06:45,9.72,39,10.0,31.9,Good
2024-05-24,20:35,06:29,9.89,44,7.0,43.2,Good
2024-05-25,21:10,06:06,8.16,20,10.0,31.2,Good
2024-05-26,01:55,06:48,5.03,18,3.0,54.4,Average
2024-05-27,22:06,07:53,7.9,20,2.0,3.9,Good
2024-05-28,23:54,06:21,7.09,22,9.0,33.6,Average
2024-05-29,22:09,05:23,8.02,32,8.0,49.3,Good
2024-05-30,22:25,07:26,8.37,31,10.0,72.3,Good
2024-05-31,22:09,07:24,9.17,20,7.0,32.5,Good
2024-06-01,01:46,05:48,3.79,18,9.0,16.0,Poor
2024-06-02,22:47,06:36,7.96,22,4.0,9.1,Good
2024-06-03,21:13,06:12,9.59,43,4.0,112.9,Good
2024-06-04,22:53,08:38,10.42,40,1.0,50.0,Good
2024-06-05,21:31,07:38,10.3,31,8.0,69.7,Good
2024-06-06,00:08,08:07,7.43,24,3.0,110.3,Good
2024-06-07,21:59,08:01,10.65,44,7.0,9.9,Good
2024-06-08,21:07,07:49,9.61,26,2.0,105.2,Good
2024-06-09,21:01,06:22,8.49,32,2.0,66.2,Good
2024-06-10,22:51,06:07,7.38,32,7.0,19.8,Good
2024-06-11,23:46,06:56,7.65,43,6.0,49.4,Good
2024-06-12,00:11,06:16,5.0,27,3.0,93.3,Poor
2024-06-13,22:29,07:20,9.12,30,9.0,,Good
2024-06-14,23:52,06:15,6.95,36,10.0,118.2,Average
2024-06-15,22:40,05:20,6.78,24,6.0,45.2,Average
2024-06-16,00:22,06:25,6.08,34,10.0,89.9,Good
2024-06-17,22:21,07:59,8.23,37,10.0,47.2,Good
2024-06-18,22:23,07:41,9.27,21,6.0,99.5,Good
2024-06-19,22:08,07:14,8.94,22,1.0,68.3,Good
2024-06-20,21:19,07:17,10.38,40,4.0,7.6,Good
2024-06-21,22:45,07:15,8.15,24,10.0,4.4,Good
2024-06-22,20:24,06:12,10.38,30,6.0,16.1,Good
2024-06-23,23:31,07:31,8.16,32,6.0,1.6,Good
2024-06-24,22:05,07:31,8.74,28,,9.0,Good
2024-06-25,21:50,06:04,9.01,21,1.0,83.0,Good
2024-06-26,23:08,06:22,6.82,30,8.0,64.1,Average
2024-06-27,22:50,05:06,7.12,24,5.0,90.0,Good
2024-06-28,23:16,06:36,6.85,44,5.0,109.6,Good
2024-06-29,23:38,08:49,8.78,36,7.0,70.2,Good
2024-06-30,21:13,04:06,7.37,39,4.0,87.1,Good
2024-07-01,22:26,06:20,7.2,19,6.0,90.8,Good
2024-07-02,21:20,06:25,9.16,27,4.0,45.3,Good
2024-07-03,20:51,08:54,11.0,30,3.0,28.9,Good
2024-07-04,00:28,07:51,6.63,42,7.0,24.6,Average
2024-07-05,23:40,05:00,6.52,38,8.0,30.2,Average
2024-07-06,23:27,05:10,5.09,23,4.0,33.0,Poor
2024-07-07,21:16,06:59,9.34,29,2.0,24.9,Good
2024-07-08,22:07,06:56,8.39,29,10.0,105.4,Good
2024-07-09,22:16,06:04,7.01,37,3.0,90.8,Good
2024-07-10,23:51,06:14,6.88,28,1.0,5.6,Average
2024-07-11,00:07,06:09,6.36,43,8.0,32.2,Average
2024-07-12,21:48,05:35,8.9,40,3.0,2.7,Good
2024-07-13,23:49,08:09,8.92,42,10.0,59.8,Good
2024-07-14,23:52,06:31,7.92,24,7.0,57.1,Good
2024-07-15,21:14,06:16,8.57,18,10.0,99.8,Good
2024-07-16,01:21,05:51,3.78,18,5.0,36.9,Poor
2024-07-17,23:55,06:20,7.34,42,10.0,98.0,Average
2024-07-18,22:12,06:20,7.6,44,5.0,116.2,Good
2024-07-19,22:21,06:42,7.4,42,7.0,10.6,Average
2024-07-20,22:20,06:14,8.1,37,9.0,95.0,Good
2024-07-21,21:36,04:32,6.33,30,5.0,70.8,Average
2024-07-22,01:38,07:43,6.34,26,1.0,57.6,Average
2024-07-23,22:15,05:07,6.69,20,10.0,,Average
2024-07-24,00:42,06:24,6.03,24,10.0,94.2,Average
2024-07-25,21:40,06:47,9.46,23,1.0,76.7,Good
2024-07-26,21:50,05:30,8.35,25,2.0,96.6,Good
2024-07-27,01:23,06:53,4.52,44,6.0,108.4,Average
2024-07-28,01:20,05:09,4.27,26,9.0,74.1,Poor
2024-07-29,22:13,09:02,10.76,22,8.0,117.7,Good
2024-07-30,01:23,08:33,7.63,18,5.0,73.0,Good
2024-07-31,21:23,06:44,9.24,36,1.0,76.4,Good
2024-08-01,20:29,06:54,10.37,27,7.0,66.6,Good
2024-08-02,22:27,06:58,8.26,29,5.0,10.9,Good
2024-08-03,21:05,05:03,7.62,41,6.0,87.2,Good
2024-08-04,00:25,07:15,7.45,32,7.0,65.7,Average
2024-08-05,23:53,08:44,8.44,44,3.0,54.1,Good
2024-08-06,22:04,07:28,8.1,39,10.0,109.3,Average
2024-08-07,23:35,06:05,6.42,41,3.0,35.8,Average
2024-08-08,22:19,05:23,6.73,26,5.0,62.8,Good
2024-08-09,00:09,05:15,5.42,37,6.0,83.7,Poor
2024-08-10,22:08,07:44,9.11,34,9.0,95.6,Good
2024-08-11,21:26,05:06,7.94,34,5.0,55.1,Good
2024-08-12,23:23,08:14,8.69,43,1.0,101.1,Good
2024-08-13,23:13,07:56,7.59,37,4.0,92.3,Good
2024-08-14,23:36,05:23,5.88,29,,7.9,Average
2024-08-15,22:56,08:06,10.0,24,10.0,5.5,Good
2024-08-16,00:38,04:21,4.65,19,10.0,74.5,Poor
2024-08-17,23:09,06:20,6.52,20,5.0,41.7,Average
2024-08-18,22:15,06:47,8.09,34,7.0,25.1,Good
2024-08-19,00:37,05:59,5.7,22,4.0,69.6,Average
2024-08-20,22:31,07:06,9.01,34,,41.0,Good
2024-08-21,23:14,07:55,7.46,41,5.0,64.5,Good
2024-08-22,22:40,05:39,7.67,34,7.0,55.2,Good
2024-08-23,22:05,09:38,11.0,44,10.0,70.2,Good
2024-08-24,00:50,05:10,5.39,34,10.0,48.0,Poor
2024-08-25,00:35,05:36,6.09,19,6.0,83.7,Average
2024-08-26,23:39,06:17,6.54,19,,21.6,Average
2024-08-27,22:02,07:44,9.22,39,4.0,83.6,Good
2024-08-28,22:36,05:31,7.35,40,2.0,49.4,Good
2024-08-29,01:53,05:18,4.01,22,4.0,104.9,Poor
2024-08-30,23:44,06:54,6.99,18,10.0,61.8,Average
2024-08-31,23:02,05:32,6.1,18,10.0,116.8,Average
2024-09-01,23:05,06:18,6.77,36,3.0,72.2,Good
2024-09-02,21:21,05:02,8.01,19,10.0,26.9,Good
2024-09-03,22:25,06:32,7.58,38,1.0,98.6,Good
2024-09-04,22:57,04:10,6.63,29,8.0,41.4,Good
2024-09-05,00:10,06:29,5.88,43,5.0,41.7,Average
2024-09-06,23:01,05:34,6.12,23,4.0,3.8,Average
2024-03-08,21:54,07:22,9.97,20,9.0,93.8,Good
2024-09-06,23:01,05:34,6.12,23,4.0,3.8,Average
2024-08-18,22:15,06:47,8.09,34,7.0,25.1,Good
2024-06-10,22:51,06:07,7.38,32,7.0,19.8,Good
2024-04-01,23:00,05:21,6.5,40,,28.4,Average
